size,layer,n_subjects,mean_r,median_r,std_between_subjects,avg_zero_ratio,avg_positive_ratio,nan_total,inf_total
13B,0,5,0.09107547743159254,0.09811522470515346,0.04774533223149461,0.0,0.9692052333528608,0,0
13B,1,5,0.10851931336773082,0.11748227372279721,0.07391584522010751,0.0,0.9695957820738137,0,0
13B,2,5,0.11465422034148567,0.12514239865276902,0.07138414469912285,0.0,0.9671157976957625,0,0
13B,3,5,0.07795894189294195,0.08607009299494317,0.07030622596029226,0.0,0.9023628197617652,0,0
13B,4,5,0.09178948194554486,0.10193419615700691,0.05757685269927789,0.0,0.9539152509275531,0,0
13B,5,5,0.07653986365033935,0.08388369392415476,0.04047948562746518,0.0,0.9595782073813709,0,0
13B,6,5,0.07434282654313915,0.08146650168215253,0.060014540955696125,0.0,0.7822300331966413,0,0
13B,7,5,0.09915792283009592,0.10891154148059552,0.06018148251860862,0.0,0.961999609451279,0,0
13B,8,5,0.0818285459295225,0.08944106786086317,0.04639215519099818,0.0,0.9024409295059559,0,0
13B,9,5,0.1116520888891311,0.1232868389633699,0.06162983364276262,0.0,0.9571177504393674,0,0
13B,10,5,0.0704774352326248,0.07816903252954888,0.08361206337728047,0.0,0.7750634641671549,0,0
13B,11,5,0.0830768877234997,0.09063241038553642,0.06674585818519578,0.0,0.7846709627025972,0,0
13B,12,5,0.07644960887748226,0.08395288270357024,0.0528731480586043,0.0,0.9599101737941809,0,0
13B,13,5,0.08239027128914662,0.09132783331061158,0.0787636687683067,0.0,0.7869752001562195,0,0
13B,14,5,0.08317392077835013,0.09061043664127862,0.051039863476941914,0.0,0.9674282366725249,0,0
13B,15,5,0.06264669635187992,0.07005826465493721,0.057245549371560046,0.0,0.9332356961530952,0,0
13B,16,5,0.06041052569019656,0.066541393159781,0.07803009377943561,0.0,0.7314586994727592,0,0
13B,17,5,0.054550151497912536,0.06036710645695591,0.07039601558924188,0.0,0.8990626830697129,0,0
13B,18,5,0.09179958568396969,0.1012162276068271,0.04421698973777722,0.0,0.9589533294278461,0,0
13B,19,5,0.0680129592020419,0.07521924133346068,0.07061614833178537,0.0,0.7863698496387425,0,0
13B,20,5,0.08838373646915369,0.09659657091465575,0.05439975145112711,0.0,0.9636789689513767,0,0
13B,21,5,0.0759134859068524,0.08406367801798564,0.08771388516642299,0.0,0.9167350126928333,0,0
13B,22,5,0.0720938247174822,0.08025458701691028,0.045622726402525224,0.0,0.9417496582698692,0,0
13B,23,5,0.060401702274645454,0.06658238791715858,0.07025323268259158,0.0,0.9120093731693029,0,0
13B,24,5,0.05119077110616699,0.05691404934162934,0.06524681934698266,0.0,0.7749072446787737,0,0
13B,25,5,0.04738878486668844,0.05189250926907746,0.058132748579593024,0.0,0.7510251903925015,0,0
13B,26,5,0.06508960525688673,0.0718099085918504,0.04133587912762391,0.0,0.960183557898848,0,0
13B,27,5,0.04353898553976964,0.0470148241792125,0.05371295244392709,0.0,0.766764303846905,0,0
13B,28,5,0.0434831161911611,0.04805177114192049,0.07078777746539196,0.0,0.7746924428822496,0,0
13B,29,5,0.07516568186563036,0.08360801661057853,0.06322611343755594,0.0,0.7864870142550283,0,0
13B,30,5,0.056305158002281086,0.06209876852908227,0.05343388745375607,0.0,0.7675844561609061,0,0
13B,31,5,0.04172771789510671,0.04467836273869729,0.041573915201096615,0.0,0.7578402655731302,0,0
13B,32,5,0.06174374893455949,0.06823100622430343,0.062285398570670655,0.0,0.7532708455379808,0,0
13B,33,5,0.06153413575878547,0.06740036689255163,0.05533443898045421,0.0,0.7759031439172037,0,0
13B,34,5,0.06619555957859083,0.07268625209414306,0.05157120403161166,0.0,0.7824253075571177,0,0
13B,35,5,0.06513428920570148,0.07172358919499494,0.05678963588651838,0.0,0.9606131614918961,0,0
13B,36,5,0.051606255179453296,0.0565413963580352,0.04659320265408299,0.0,0.9515133762936927,0,0
13B,37,5,0.0912370939834142,0.09956759459575977,0.06665493767077155,0.0,0.960124975590705,0,0
13B,38,5,0.07087890304777891,0.07789723828642578,0.05077135453305524,0.0,0.9602616676430384,0,0
13B,39,5,0.09444384986716799,0.1022854072635504,0.06789290216302268,0.0,0.9648896699863307,0,0
30B,0,5,0.0889491308172107,0.0970975645716792,0.043022921559289835,0.0,0.9656707674282365,0,0
30B,1,5,0.09370762226942464,0.10103030006447078,0.05219686119250099,0.0,0.9704354618238625,0,0
30B,2,5,0.09035260151965253,0.09933264655485055,0.08669573714296452,0.0,0.9589338019917986,0,0
30B,3,5,0.0987645155235468,0.10768432942489241,0.06714067339469813,0.0,0.9655536028119508,0,0
30B,4,5,0.09229624791571538,0.10069815532683424,0.042234500297815766,0.0,0.9629564538176136,0,0
30B,5,5,0.07806485044034889,0.08356520813394823,0.05599578451719217,0.0,0.7867018160515524,0,0
30B,6,5,0.10126611339783449,0.11141097181479395,0.07749844703737487,0.0,0.7773677016207772,0,0
30B,7,5,0.09591974196476594,0.10712625658312183,0.06983680384443182,0.0,0.953759031439172,0,0
30B,8,5,0.07171761652835754,0.07830196963774975,0.04928596728001643,0.0,0.9643233743409491,0,0
30B,9,5,0.0671436986033152,0.07389668988248359,0.05999146386298148,0.0,0.7768014059753954,0,0
30B,10,5,0.09075719896663297,0.09912796865481999,0.053539586179866164,0.0,0.9618043350908027,0,0
30B,11,5,0.056916892625691176,0.06039917611046952,0.06880002686976773,0.0,0.7545401288810779,0,0
30B,12,5,0.0756974531638428,0.08215762976223105,0.0383937319675852,0.0,0.9651825815270454,0,0
30B,13,5,0.08292663946478185,0.08972989050057942,0.08308484526091604,0.0,0.776488966998633,0,0
30B,14,5,0.09292791465743541,0.100898731956612,0.07460984871551973,0.0,0.885237258347979,0,0
30B,15,5,0.04979314898764181,0.053449371791545255,0.0469777708551773,0.0,0.7771724272603008,0,0
30B,16,5,0.08427606954449436,0.09224192764935689,0.07148474440298598,0.0,0.9602030853348955,0,0
30B,17,5,0.059103846690309235,0.06482320710932699,0.058585557910038735,0.0,0.787443858621363,0,0
30B,18,5,0.062299110497156286,0.06862330653178628,0.07506723175087968,0.0,0.933020894356571,0,0
30B,19,5,0.07827152130518625,0.08533553195201243,0.055147523594744056,0.0,0.7876196055457918,0,0
30B,20,5,0.060583357480499124,0.0663997421019629,0.03491731223743682,0.0,0.9597148994337044,0,0
30B,21,5,0.10364651597064571,0.1149607858473038,0.08350814290215317,0.0,0.7742628392892014,0,0
30B,22,5,0.07267792488765985,0.07856421881711337,0.0612231546715876,0.0,0.9620777191954696,0,0
30B,23,5,0.0621202331753818,0.06839443165151914,0.07015986033259645,0.0,0.7767818785393478,0,0
30B,24,5,0.04486413148040182,0.05037196561902193,0.053529575368144115,0.0,0.8726030072251513,0,0
30B,25,5,0.07920100928284586,0.08806165571648342,0.07750088518905382,0.0,0.7735598515914861,0,0
30B,26,5,0.06267888049559145,0.07099682870782671,0.05429744638506929,0.0,0.776488966998633,0,0
30B,27,5,0.05575696748123915,0.06339800062569265,0.07104885275976072,0.0,0.6849834016793596,0,0
30B,28,5,0.05971757321874952,0.06741496745394322,0.040387433551630034,0.0,0.949170083967975,0,0
30B,29,5,0.0764835549550417,0.08423166823166847,0.05912334359241167,0.0,0.9545987111892209,0,0
30B,30,5,0.063972976340638,0.06978167495804805,0.07204257221393058,0.0,0.8062097246631517,0,0
30B,31,5,0.05445216108927119,0.06035118323930535,0.034334840648700314,0.0,0.7902167545401289,0,0
30B,32,5,0.08319013688346075,0.09036420692033828,0.061787548400087544,0.0,0.963444639718805,0,0
30B,33,5,0.06786682505227054,0.07477152913640783,0.09554325142539236,0.0,0.7695567272017184,0,0
30B,34,5,0.05175264513752413,0.057005618197661846,0.03962337209309812,0.0,0.9551064245264597,0,0
30B,35,5,0.07422126635605689,0.08279932381015336,0.0651466982534971,0.0,0.9297988674087092,0,0
30B,36,5,0.0851257767181228,0.09319736643828706,0.05084103617297429,0.0,0.9621167740675649,0,0
30B,37,5,0.05685488052145824,0.061938246533410735,0.0661018392698368,0.0,0.7928724858426088,0,0
30B,38,5,0.057337480893240866,0.06335597202990044,0.07827037436516047,0.0,0.8430970513571567,0,0
30B,39,5,0.029649435157148425,0.03225661918875039,0.03542846251793297,0.0,0.7536418668228861,0,0
30B,40,5,0.06437193458515518,0.07054108543567213,0.06415868622862037,0.0,0.9328256199960945,0,0
30B,41,5,0.05258360300435201,0.058635424242614385,0.05084346771476585,0.0,0.788498340167936,0,0
30B,42,5,0.04601349169462136,0.050566605713690316,0.061927347654953016,0.0,0.7851396211677406,0,0
30B,43,5,0.035969523136542135,0.03883344427036662,0.05629916908798861,0.0,0.596738918180043,0,0
30B,44,5,0.07844228925110974,0.08605691904001238,0.0706425617197107,0.0,0.7792813903534466,0,0
30B,45,5,0.023087868714627147,0.02678624601402168,0.04052216068020394,0.0,0.5839679750048818,0,0
30B,46,5,0.08679723514972208,0.09494784128151357,0.03900866994226909,0.0,0.9654364381956648,0,0
30B,47,5,0.0696755443515635,0.07720696739872794,0.07588801862868286,0.0,0.7724272603007225,0,0
30B,48,5,0.019572936297699847,0.019867080616638024,0.06908156408353705,0.0,0.60199179847686,0,0
30B,49,5,0.052481468232048134,0.05613841637686916,0.07913455026448286,0.0,0.7822886155047842,0,0
30B,50,5,0.07698129744407266,0.08479362005020367,0.06041411724936911,0.0,0.7749853544229642,0,0
30B,51,5,0.053889000609977214,0.05824372800846178,0.02793430754423275,0.0,0.9587580550673696,0,0
30B,52,5,0.10228310648259424,0.11245031779791928,0.06538988232731487,0.0,0.9631907830501856,0,0
30B,53,5,0.04914787093759528,0.05421552324352254,0.04407730474196953,0.0,0.7851005662956454,0,0
30B,54,5,0.07746402900931475,0.0861000514827934,0.035037195351977767,0.0,0.9582308142940832,0,0
30B,55,5,0.06344070139842475,0.06927999545740567,0.08301616779697933,0.0,0.6315758640890451,0,0
30B,56,5,0.02333371804187851,0.025650444347478613,0.04449031296609817,0.0,0.7637961335676626,0,0
30B,57,5,0.10935327902168393,0.11895826779086505,0.053269703128249773,0.0,0.9620777191954696,0,0
30B,58,5,0.0930271773285097,0.10204104685507605,0.08139734223574895,0.0,0.7824253075571177,0,0
30B,59,5,0.0767977392413343,0.08404269464119236,0.04698189808326645,0.0,0.9605936340558484,0,0
65B,0,5,0.09574178244869491,0.1048380596994872,0.058829519343900745,0.0,0.9648115602421402,0,0
65B,1,5,0.10936172211099586,0.11871341608696828,0.059357043721506526,0.0,0.9685217730911931,0,0
65B,2,5,0.10046167370735559,0.1096215957488242,0.08011519657496839,0.0,0.9676430384690491,0,0
65B,3,5,0.07916095084204423,0.08639637794730934,0.05317016559752312,0.0,0.9532513181019333,0,0
65B,4,5,0.09749944642642151,0.10704954298171572,0.07179337742833018,0.0,0.9615309509861355,0,0
65B,5,5,0.08056102662091127,0.08823775517711334,0.034303583818419275,0.0,0.9633470025385666,0,0
65B,6,5,0.0697352999308781,0.0765461790528639,0.047505344005177697,0.0,0.9196641280999804,0,0
65B,7,5,0.07405562554029975,0.08112649763708776,0.059385598058242124,0.0,0.9580550673696544,0,0
65B,8,5,0.06678037969923946,0.07214558656310535,0.06268372178834053,0.0,0.780980277289592,0,0
65B,9,5,0.09162969527491828,0.09989090562901906,0.0645581561890758,0.0,0.9661980082015231,0,0
65B,10,5,0.07661844410467186,0.08438282372035846,0.0571846033931417,0.0,0.7893380199179848,0,0
65B,11,5,0.08183270534644455,0.0902156403678096,0.04036930528827792,0.0,0.9621558289396603,0,0
65B,12,5,0.07714539246105565,0.08376080125713521,0.02549501310585078,0.0,0.9638351884397579,0,0
65B,13,5,0.05881842400370545,0.06264813042066072,0.04528610753148445,0.0,0.9604374145674672,0,0
65B,14,5,0.06374856734352778,0.06814788135480025,0.043628932416679624,0.0,0.9696543643819566,0,0
65B,15,5,0.08455874425223268,0.09278762541798878,0.06750509670153693,0.0,0.8270845537980863,0,0
65B,16,5,0.09442533226543567,0.10380522794681332,0.061399923013320264,0.0,0.9552821714508883,0,0
65B,17,5,0.07282956098653817,0.07858139893862812,0.06347636072869078,0.0,0.9527631322007422,0,0
65B,18,5,0.06309390908543042,0.06945177358264773,0.057867856990037686,0.0,0.7839484475688343,0,0
65B,19,5,0.012928392496424333,0.013935783520649123,0.03902975718086338,0.0,0.6358133177113845,0,0
65B,20,5,0.06917641696056327,0.07505270381578227,0.03833335284539416,0.0,0.9625854325327085,0,0
65B,21,5,0.0705279185270392,0.07817449376104726,0.08791480425953635,0.0,0.7682679164225737,0,0
65B,22,5,0.04009963966971568,0.044484254663225635,0.05856553572224794,0.0,0.7484866237063074,0,0
65B,23,5,0.07942551674856882,0.0858416214963731,0.053148140791818774,0.0,0.9622729935559461,0,0
65B,24,5,0.07555472562375806,0.08296922035305611,0.049046719602916206,0.0,0.9559265768404608,0,0
65B,25,5,0.03559719067733671,0.0386178010855215,0.046343815532595437,0.0,0.6069322397969146,0,0
65B,26,5,0.04404500973009056,0.04794805932726765,0.08858482473012322,0.0,0.5777387229056825,0,0
65B,27,5,0.06338756071196128,0.0697437060925101,0.057052104605862984,0.0,0.786447959382933,0,0
65B,28,5,0.06773174704828688,0.07334826396671981,0.06510152167672177,0.0,0.788439757859793,0,0
65B,29,5,0.04503358969131528,0.04894434915702643,0.06094764367693154,0.0,0.762663542276899,0,0
65B,30,5,0.09019673860266009,0.09839024711416829,0.0755275286865627,0.0,0.9584456160906074,0,0
65B,31,5,0.08269187719780757,0.09092193150203075,0.05560166952992067,0.0,0.9620581917594219,0,0
65B,32,5,0.06475886218822029,0.06908498933962519,0.06969107807406145,0.0,0.7905291935168913,0,0
65B,33,5,0.08399064511077999,0.090787165032355,0.06487818328176409,0.0,0.9611989845733255,0,0
65B,34,5,0.07316759965284406,0.08094690572054762,0.07503905438416067,0.0,0.7723296231204844,0,0
65B,35,5,0.058990726521285855,0.0654554553597958,0.082074836864545,0.0,0.6652411638351884,0,0
65B,36,5,0.06411160939198993,0.06932576098736917,0.06844919240727831,0.0,0.9380394454208162,0,0
65B,37,5,0.05878082118074307,0.06564109197963355,0.07901696326873688,0.0,0.7664323374340949,0,0
65B,38,5,0.07020708032593241,0.07771864040784197,0.06404945247723695,0.0,0.7849443468072642,0,0
65B,39,5,0.0867889583180939,0.09476830001823003,0.02250353542544688,0.0,0.9632688927943761,0,0
65B,40,5,0.015727207254423867,0.017419737940460683,0.03885409775838209,0.0,0.5950205038078501,0,0
65B,41,5,0.059659808317592974,0.06506992718318423,0.05443158623941493,0.0,0.8040031243897676,0,0
65B,42,5,0.0842286720902615,0.09183168585545336,0.04648503535157533,0.0,0.9653192735793791,0,0
65B,43,5,0.010201387350435659,0.010159091605645848,0.039811378829756446,0.0,0.6859011911735988,0,0
65B,44,5,0.06622400606416853,0.07186345362711719,0.05013467225342554,0.0,0.959402460456942,0,0
65B,45,5,0.05877277062428586,0.06489896086538736,0.04505086201722597,0.0,0.9120484280413981,0,0
65B,46,5,0.02624260120800571,0.029517462248438715,0.04671782734793938,0.0,0.7018941612966219,0,0
65B,47,5,0.04470063363465927,0.048527631751513305,0.02579666822469142,0.0,0.9499902362819762,0,0
65B,48,5,0.01736772619242862,0.02013330246175798,0.0565904997250565,0.0,0.614489357547354,0,0
65B,49,5,0.06987826797545803,0.07709857501810806,0.05107062849309485,0.0,0.89767623511033,0,0
65B,50,5,0.036869841985597326,0.041216081523717356,0.059889048664667016,0.0,0.7514157391134544,0,0
65B,51,5,0.02112591684704523,0.02222017882265528,0.04199820522563219,0.0,0.7374731497754345,0,0
65B,52,5,0.023006791194050795,0.02608780406681252,0.04899374503850518,0.0,0.5853934778363601,0,0
65B,53,5,0.0009974943815130297,0.0005441998593591471,0.04045932901201847,0.0,0.42733841046670573,0,0
65B,54,5,0.02286810330995303,0.025495540966278967,0.02390152944428678,0.0,0.8521187268111696,0,0
65B,55,5,0.033117553844979816,0.03636527940985558,0.04687334821034426,0.0,0.6243702401874633,0,0
65B,56,5,0.03596096367496489,0.03945330839725775,0.03621234214160719,0.0,0.7752977933997267,0,0
65B,57,5,0.015602454417260964,0.017137905294216972,0.03788710823207847,0.0,0.4986135520406171,0,0
65B,58,5,0.06950851029625922,0.07561066987240654,0.05895092673388469,0.0,0.9633860574106621,0,0
65B,59,5,0.02816250943326325,0.030994106873113648,0.046234556614843915,0.0,0.6086506541691076,0,0
65B,60,5,0.07779741650080299,0.08482941025342465,0.06647986211011205,0.0,0.7823667252489748,0,0
65B,61,5,0.038870700260726775,0.04366354917994546,0.05060628440286148,0.0,0.7530755711775043,0,0
65B,62,5,0.0754904704208851,0.08333614378955047,0.07785922038452049,0.0,0.9484085139621168,0,0
65B,63,5,0.05184953440285763,0.0569143899799477,0.04925129832470908,0.0,0.7800820152314001,0,0
65B,64,5,0.0784801801322433,0.08387671205218464,0.047539305745135756,0.0,0.9615895332942784,0,0
65B,65,5,0.0864897498856791,0.09292039322951848,0.03838252291513389,0.0,0.9696738918180042,0,0
65B,66,5,0.05139387572102151,0.05485481687322502,0.060291631275109926,0.0,0.7767623511033002,0,0
65B,67,5,0.05551026894057123,0.061172992102838594,0.054499448187542106,0.0,0.7699863307947666,0,0
65B,68,5,0.0715078642292369,0.07819730715731489,0.07380329911899841,0.0,0.773227885178676,0,0
65B,69,5,0.06448885506436142,0.07033291535699411,0.06704506912525711,0.0,0.7624096856082796,0,0
65B,70,5,0.04146931090807611,0.043781140347056886,0.06137674465722302,0.0,0.639992189025581,0,0
65B,71,5,0.08160347021013376,0.09030092015080297,0.06100210831929899,0.0,0.9579379027533685,0,0
65B,72,5,0.10490767990513157,0.11522207945457578,0.08385258344246041,0.0,0.8011911735989065,0,0
65B,73,5,0.0843471624330405,0.09271146318686263,0.051427679236419846,0.0,0.9572349150556532,0,0
65B,74,5,0.05653056488563087,0.060809485849234804,0.0671939930259231,0.0,0.8008592071860965,0,0
65B,75,5,0.0829363990625764,0.0902139493408527,0.0603225716883884,0.0,0.890822105057606,0,0
65B,76,5,0.0800220906434603,0.0881956598606544,0.07351057606213102,0.0,0.9582503417301309,0,0
65B,77,5,0.07147604871857965,0.07989356997151023,0.051305206233065,0.0,0.9416910759617263,0,0
65B,78,5,0.07356206806385594,0.08116086976171064,0.07909052757777454,0.0,0.7758445616090608,0,0
65B,79,5,0.07881838647013992,0.08698777162279941,0.04293759080343325,0.0,0.9609451279047061,0,0
7B,0,5,0.09137203029317832,0.09962933774767233,0.06145870146827635,0.0,0.9631126733059949,0,0
7B,1,5,0.09886219870741539,0.10689406978763993,0.08433756360000864,0.0,0.9647334504979497,0,0
7B,2,5,0.10866717257586797,0.11803109910838774,0.0723234563257995,0.0,0.9665690294864284,0,0
7B,3,5,0.1077869119496759,0.11776573718558422,0.07616140945696415,0.0,0.9653388010154267,0,0
7B,4,5,0.10132068964038658,0.11225705874951326,0.0726450114022582,0.0,0.9581527045498927,0,0
7B,5,5,0.04769953061669878,0.05276111566623011,0.04407641904095249,0.0,0.9374145674672916,0,0
7B,6,5,0.09450936715229517,0.10483525245847562,0.07554313246595629,0.0,0.7728763913298183,0,0
7B,7,5,0.1158610768533127,0.12681268067530227,0.06394531369911251,0.0,0.9588752196836555,0,0
7B,8,5,0.07875672302960646,0.08640195486223959,0.0672164348674673,0.0,0.780863112673306,0,0
7B,9,5,0.08627290627974284,0.09394484840511845,0.04205810926557694,0.0,0.9606522163639915,0,0
7B,10,5,0.08780083668308607,0.09660035127864244,0.0765825798743333,0.0,0.7801991798476859,0,0
7B,11,5,0.08943836118283324,0.09891330853254074,0.07456662692201689,0.0,0.7756297598125366,0,0
7B,12,5,0.07202233127782473,0.07975715530138909,0.04775414945574695,0.0,0.959070494044132,0,0
7B,13,5,0.039984905423890424,0.044311603599195414,0.06865191833406405,0.0,0.7657879320445226,0,0
7B,14,5,0.09812947536406974,0.10607198830144209,0.053925940936732,0.0,0.9677797305213826,0,0
7B,15,5,0.0888566847830742,0.097499689193661,0.07721373904922987,0.0,0.7792813903534466,0,0
7B,16,5,0.08968893455517175,0.09660162762427507,0.07007937568774454,0.0,0.8237453622339388,0,0
7B,17,5,0.07133010041202717,0.07881755248826525,0.0740506400863777,0.0,0.7691466510447178,0,0
7B,18,5,0.08698628817584378,0.0938052943676897,0.08600571369351322,0.0,0.8435657098223004,0,0
7B,19,5,0.09320986113329109,0.10271760277884485,0.07477159945412411,0.0,0.7873852763132201,0,0
7B,20,5,0.08035217117348356,0.08923319590220602,0.08150564259140945,0.0,0.9367506346416716,0,0
7B,21,5,0.06637208074646261,0.07484862301631771,0.04347064885305489,0.0,0.9403632103104862,0,0
7B,22,5,0.08830513201333366,0.09564774163463903,0.06441153894254656,0.0,0.9637180238234719,0,0
7B,23,5,0.04908306514827352,0.05571519901456543,0.06590879682206313,0.0,0.5982034758836166,0,0
7B,24,5,0.03597690182840154,0.038451978638678705,0.03253721898059519,0.0,0.9473149775434486,0,0
7B,25,5,0.07285809620155745,0.07964768717339579,0.07405322387356698,0.0,0.7870923647725053,0,0
7B,26,5,0.06078248614569948,0.06628370024926329,0.0576525407203093,0.0,0.7824253075571177,0,0
7B,27,5,0.05408747202883666,0.05851199155628535,0.05585210421840115,0.0,0.8124780316344463,0,0
7B,28,5,0.08006884995484413,0.08903914780620384,0.09448675809924822,0.0,0.7737355985159149,0,0
7B,29,5,0.04685004402773901,0.05081354694756231,0.04687440934355342,0.0,0.9343682874438587,0,0
7B,30,5,0.0839074706601057,0.09168162193513622,0.06364200430935296,0.0,0.9582893966022261,0,0
7B,31,5,0.09932402583173197,0.10777429068974162,0.06600617764112708,0.0,0.9387619605545792,0,0
